<?xml version="1.0" encoding="UTF-8"?>
<project-private xmlns="http://www.netbeans.org/ns/project-private/1">
    <editor-bookmarks xmlns="http://www.netbeans.org/ns/editor-bookmarks/2" lastBookmarkId="0"/>
    <open-files xmlns="http://www.netbeans.org/ns/projectui-open-files/2">
        <group>
            <file>file:/home/saksham/NetBeansProjects/Xenonstack/src/java/Xenon/LoginCheck.java</file>
            <file>file:/home/saksham/NetBeansProjects/Xenonstack/web/styles.css</file>
            <file>file:/home/saksham/NetBeansProjects/Xenonstack/web/index.html</file>
            <file>file:/home/saksham/NetBeansProjects/Xenonstack/src/java/Xenon/Logout.java</file>
            <file>file:/home/saksham/NetBeansProjects/Xenonstack/web/contactus.html</file>
            <file>file:/home/saksham/NetBeansProjects/Xenonstack/web/WEB-INF/web.xml</file>
        </group>
    </open-files>
</project-private>
